Cell_ID	Location_Center_X	Location_Center_Y
0	911.8348214285714	170.75446428571428
1	1021.7327586206897	267.9568965517241
2	576.9	222.4318181818182
3	292.9310344827586	372.86206896551727
4	613.3108108108108	417.26126126126127
5	191.81304347826088	629.2304347826087
6	348.29357798165137	459.6467889908257
7	799.2547169811321	580.4528301886793
8	584.3274336283185	621.3761061946902
9	377.1173469387755	621.4438775510204
