Cell_ID	Location_Center_X	Location_Center_Y
1	203.08755760368663	240.88018433179724
2	493.2350230414747	595.3041474654378
3	676.9346733668342	534.9246231155779
4	275.89861751152074	692.5115207373271
