Cell_ID	Location_Center_X	Location_Center_Y
0	451.95652173913044	477.68260869565216
1	528.9257425742575	563.6287128712871
2	417.52232142857144	702.2723214285714
