Cell_ID	Location_Center_X	Location_Center_Y
0	652.8684210526316	760.5526315789474
