Cell_ID	Location_Center_X	Location_Center_Y
0	166.43601895734596	337.8862559241706
1	646.2463768115942	544.0917874396135
