Cell_ID	Location_Center_X	Location_Center_Y
0	231.5392670157068	185.28795811518324
1	440.40201005025125	426.50251256281405
2	216.90052356020942	678.2094240837696
3	369.0502512562814	739.8693467336683
