Cell_ID	Location_Center_X	Location_Center_Y
1	884.1067961165048	239.04368932038835
2	438.20600858369096	248.5579399141631
3	280.1344537815126	306.5840336134454
4	609.6529680365297	410.5342465753425
5	422.56060606060606	444.3131313131313
6	541.636815920398	725.4328358208955
