Cell_ID	Location_Center_X	Location_Center_Y
0	916.7910447761194	181.22885572139305
1	699.6325581395349	508.06976744186045
