Cell_ID	Location_Center_X	Location_Center_Y
0	275.9639175257732	182.41237113402062
1	650.2272727272727	302.5858585858586
3	425.5291479820628	711.9730941704036
