Cell_ID	Location_Center_X	Location_Center_Y
0	567.6935483870968	116.54838709677419
1	180.08771929824562	162.66081871345028
2	390.9908675799087	264.21004566210047
3	690.25	230.6745283018868
4	237.37234042553192	232.3244680851064
5	797.3674418604651	418.04651162790697
6	378.4660194174757	463.8883495145631
7	264.09859154929575	374.99530516431923
8	562.2473684210527	560.6631578947369
9	222.16145833333334	582.921875
10	756.3894736842105	580.4315789473684
11	835.1368421052632	747.8842105263158
