Cell_ID	Location_Center_X	Location_Center_Y
0	108.2	338.40909090909093
1	965.165	238.42
2	740.7674418604652	211.7674418604651
5	651.6100917431193	534.6238532110092
